{
          "id": "Red_Bull_Can_(12_oz)",
          "externalData": "",
          "title": {
            "translations": {
              "en": "Red Bull Can (12 oz)"
            }
          },
          "description": {
            "translations": {
              "en": ""
            }
          },
          "imageUrl": "https://d1ralsognjng37.cloudfront.net/3e254bd3-c5fe-4172-b144-45a133d72338.jpeg",
          "priceInfo": {
            "price": 449,
            "overrides": [],
            "corePrice": null,
            "bottleFee": null,
            "containerDeposit": null,
            "pricedByUnit": null
          },
          "quantityInfo": {
            "quantity": {
              "minPermitted": null,
              "maxPermitted": null,
              "defaultQuantity": null,
              "chargeAbove": null,
              "refundUnder": null,
              "minPermittedUnique": null,
              "maxPermittedUnique": null,
              "isMinPermittedOptional": null
            },
            "overrides": []
          },
          "suspensionInfo": null,
          "modifierGroupIds": {
            "ids": [
              "Choose_your_flavor_80204",
              "Bottle_Fee_$0.05_86954"
            ],
            "overrides": []
          },
          "taxInfo": {
            "taxRate": 0,
            "vatRatePercentage": null
          },
          "nutritionalInfo": {
            "allergens": null,
            "calories": null,
            "kilojoules": null,
            "servingSize": null,
            "netQuantity": null,
            "numberOfServings": null,
            "caloriesPerServing": null,
            "kilojoulesPerServing": null,
            "fat": null,
            "saturatedFattyAcids": null,
            "carbohydrates": null,
            "sugar": null,
            "protein": null,
            "salt": null,
            "numberOfServingsInterval": null
          },
          "dishInfo": {
            "classifications": {
              "canServeAlone": null,
              "isVegetarian": null,
              "alcoholicItems": 0,
              "dietaryLabelInfo": null,
              "instructionsForUse": null,
              "ingredients": null,
              "additives": null,
              "preparationType": null,
              "foodBusinessOperator": null
            }
          },
          "visibilityInfo": null,
          "taxLabelInfo": {
            "defaultValue": {
              "labels": [
                "CAT_ENERGY_DRINK",
                "CONTAINER_BOTTLED",
                "TEMP_COLD"
              ],
              "source": "MANUAL"
            },
            "overrides": null
          },
          "productInfo": {
            "targetMarket": null,
            "gtin": null,
            "plu": null,
            "merchantId": null,
            "productType": null,
            "productTraits": null,
            "countryOfOrigin": null,
            "countriesOfOrigin": null
          },
          "bundledItems": null,
          "physicalPropertiesInfo": null,
          "beverageInfo": null,
          "medicationInfo": null,
          "sellingInfo": null
        }