Bottle_Fee_$0.45,TEMP_HEATED
OLD_TRAPPER_BEEF_JER,TEMP_HEATED
TILLAMOOK_COUNTRY_SM,TEMP_HEATED
Corona_12PK_12_OZ_Bo,TEMP_HEATED
Ampm_BBQ_Rib_Sandwic,TEMP_HEATED
Bud_Light_18PK_12_OZ,TEMP_HEATED
Sierra_Nevada_Hzy_Lt,TEMP_HEATED
The_Triple_Joy,TEMP_HEATED
Ben_&_Jerry's_The_To,TEMP_HEATED
Ampm_Chocolate_Donut,TEMP_HEATED
Cool_Blue,TEMP_COLD
Coke_Classic_(20_oz),TEMP_HEATED
Skittles_Original_Ki,TEMP_UNHEATED
Modelo_Especial_Btl_,TEMP_HEATED
Reese's_2_Peanut_But,TEMP_UNHEATED
Fanta_Wild_Cherry,TEMP_COLD
White_Claw_12PK_12_O,TEMP_HEATED
Vanilla_Flavor,TEMP_COLD
Dr_Pepper_(2_lt),TEMP_COLD
Whole_Milk_(0.5_gal.,TEMP_HEATED
Truly_Hard_Seltzer_L_69978,TEMP_HEATED
Coke,TEMP_COLD
Munchies_Flamin'_Hot,TEMP_UNHEATED
Ben_&_Jerry's_Strawb,TEMP_HEATED
JACK_LINKS_STEAK_TER,TEMP_HEATED
NESQUIK_SINGLES_CHOC,TEMP_HEATED
CRYSTAL_MILK_2%_PLST_89401,TEMP_HEATED
Doritos_Cool_Ranch_X,TEMP_HEATED
Coors_Light_3PK_24_O,TEMP_HEATED
Lunchables_Ham_and_C,TEMP_HEATED
Starbucks_Frappuccin_38887,TEMP_HEATED
Diet_Coke,TEMP_COLD
On_the_Go!,TEMP_HEATED
M&M's_Peanut_Butter_,TEMP_UNHEATED
Bud_Light_Can_Al_12P,TEMP_HEATED
Funyuns_Regular_XXVL,TEMP_UNHEATED
Pepsi_(2_lt),TEMP_COLD
Hydrate_(1_lt),TEMP_COLD
Hershey's_Milk_Choco,TEMP_HEATED
Bottle_Fee_$0.05,TEMP_HEATED
Red_Bull_Can_(12_oz),TEMP_COLD
Roasted_Peanuts,TEMP_HEATED
Ampm_Turkey_Ham_Prov,TEMP_HEATED
Tillamook_Smoked_Sau,TEMP_HEATED
Reese's_Sticks_King_,TEMP_UNHEATED
Reign_Inferno_Tf_Wat,TEMP_HEATED
Green_Chile_Beef_and,TEMP_HEATED
Michelob_Ultra_12PK_,TEMP_HEATED
Glaceau_Smart_Water_,TEMP_HEATED
Monster_Energy_Zero_,TEMP_COLD
M&M's_Peanut_Standar,TEMP_UNHEATED
Ampm_Freeze_Cup_Medi,TEMP_HEATED
Green_Chile_Egg_and_,TEMP_HEATED
JACK_LINKS_BEEF_JERK,TEMP_HEATED
Chapstick_Regular_.1,TEMP_HEATED
Ampm_Turkey_Cheddar_,TEMP_HEATED
Monster_Energy_(24_p,TEMP_HEATED
2%_Milk_(0.5_gal.),TEMP_HEATED
JACK_LINKS_BEEF_JRKY,TEMP_HEATED
Lagunitas_Ipa_Btl_Gl,TEMP_HEATED
5-Hour_Energy_Berry_,TEMP_HEATED
Modelo_3PK_24_OZ_Can,TEMP_HEATED
Ampm_Spicy_Chicken_S,TEMP_HEATED
Sliced_Wheat_Bread,TEMP_HEATED
Rockstar_Energy_Can_,TEMP_COLD
"Ampm_Sausage,_Egg_an",TEMP_HEATED
Monster_Energy_Can_(,TEMP_COLD
Bottle_Fee_$1.20,TEMP_HEATED
Spitz_Sunflower_Seed,TEMP_UNHEATED
SLIM_JIM_MONSTER_STI_20554,TEMP_HEATED
OLD_TRAPPER_BEEF_JER_36193,TEMP_HEATED
Modelo_Chelada_Espec,TEMP_HEATED
Cheetos_Crunchy_Flam,TEMP_UNHEATED
Cheez-It_Original_(3,TEMP_UNHEATED
Teriyaki,TEMP_UNHEATED
Ampm_Coffee_(20_oz),TEMP_HEATED
Kit_Kat_King_Size_(3,TEMP_UNHEATED
Sugar_Free,TEMP_COLD
Heineken_12PK_12_OZ_,TEMP_HEATED
ay_caramba!,TEMP_HEATED
Berry,TEMP_UNHEATED
Modelo_Especial_Can_,TEMP_HEATED
Cheetos_Crunchy_Xxtr,TEMP_HEATED
Chester's_Fries_Flam,TEMP_HEATED
Ampm_Fountain_Cup_XX_11504,TEMP_HEATED
SLIM_JIM_MONSTER_STI,TEMP_HEATED
Reese's_4_Peanut_But,TEMP_UNHEATED
Good_Stuff_Water_(1_,TEMP_COLD
Bud_Light_3PK_25_OZ_,TEMP_HEATED
Ben_&_Jerry's_Chocol_17046,TEMP_HEATED
Starburst_Original_K,TEMP_UNHEATED
Sprite_(20_oz),TEMP_COLD
Planters_Tube_Nuts_H,TEMP_HEATED
Starbucks_Frappuccin_80247,TEMP_HEATED
BIMBO_SOFT_WHEAT_BRE,TEMP_HEATED
BIMBO_SOFT_WHITE_BRE,TEMP_HEATED
Ampm_Oatmeal_Raisin_,TEMP_HEATED
Bottle_Fee_$0.90,TEMP_HEATED
Sliced_White_Bread,TEMP_HEATED
Deluge_Spring_Water_,TEMP_COLD
Fruit_Punch,TEMP_COLD
M&M's_Plain_Standard,TEMP_UNHEATED
Snickers_Bar_Standar,TEMP_UNHEATED
Red_Bull_Can_(8.4_oz,TEMP_HEATED
Starbucks_Frappuccin,TEMP_HEATED
Reese's_Sticks_King__01616,TEMP_HEATED
Pringles_Original_(5,TEMP_UNHEATED
Coors_Light_18PK_12_,TEMP_HEATED
Red_Bull_Cans_(8.4_o,TEMP_HEATED
Corona_Extra_Btl_Gl_,TEMP_HEATED
Bimbo_Mini_Mantecada,TEMP_UNHEATED
M&M's_Peanut_King_Si,TEMP_UNHEATED
Bottle_Fee_$0.30,TEMP_HEATED
White_Claw_Hrd_Sltzr_20100,TEMP_HEATED
Original,TEMP_UNHEATED
Pepsi,TEMP_COLD
Lipton_Tea,TEMP_HEATED
Truly_Hard_Seltzer_B,TEMP_HEATED
Red_Bull_Can_(16_oz),TEMP_HEATED
Coors_Light_Btl_Al_9,TEMP_HEATED
5-Hour_Extra_Strengt,TEMP_HEATED
Ampm_Fountain_Cup_X-,TEMP_HEATED
Pringles_Sour_Cream_,TEMP_HEATED
Bottle_Fee_$0.10,TEMP_HEATED
Ampm_Churro_Donut,TEMP_HEATED
Mountain_Dew_(20_oz),TEMP_COLD
Pop_Tarts_Frosted_St,TEMP_HEATED
Doritos_Nacho_Cheese,TEMP_HEATED
Lime_Cucumber,TEMP_COLD
Electrolit_Strawberr,TEMP_HEATED
Coca_Cola®,TEMP_HEATED
Salted_Peanuts,TEMP_HEATED
Regular,TEMP_COLD
Monster_Ultra_Waterm,TEMP_COLD
Lemon_Lime,TEMP_COLD
Dr_Pepper_(20_oz),TEMP_COLD
Coors_Light_Can_Al_1,TEMP_HEATED
Ampm_Coffee_(16_oz),TEMP_HEATED
CRYSTAL_MILK_WHOLE_P_82785,TEMP_HEATED
Ampm_Fountain_Cup_Me,TEMP_HEATED
Ampm_Tuna_Salad_Sand,TEMP_HEATED
Skittles_Original_St,TEMP_UNHEATED
Hostess_Donettes_Fro,TEMP_UNHEATED
Ampm_Cheeseburger,TEMP_HEATED
Modelo_12PK_12_OZ_Bo,TEMP_COLD
Good_Stuff_Gummy_Wor,TEMP_UNHEATED
Red_Bull_Cans_(8.4_o_18920,TEMP_HEATED
Baken-ets_Hot_and_Sp,TEMP_HEATED
M&M's_Plain_King_Siz,TEMP_UNHEATED
Del_Real_Rice,TEMP_HEATED
OLD_TRAPPER_BEEF_JER_96174,TEMP_HEATED
Ampm_Fountain_Mug_(6,TEMP_HEATED
Gardetto's_Original_,TEMP_UNHEATED
CRYSTAL_MILK_WHOLE_P,TEMP_HEATED
Diet_Dr._Pepper,TEMP_HEATED
Copy_of_5-Hour_Extra,TEMP_HEATED
Reese's_Fast_Break_K,TEMP_UNHEATED
Mountain_Dew,TEMP_COLD
Jack_Links_Beef_Jerk,TEMP_HEATED
Hershey's_Milk_Choco_48716,TEMP_HEATED
Ampm_Corn_Dog,TEMP_HEATED
Corona_Hard_Seltzer_,TEMP_HEATED
Ampm_Cinnamon_Roll,TEMP_HEATED
Del_Real_Carnitas,TEMP_HEATED
Ben_&_Jerry's_Chocol,TEMP_HEATED
Good_Stuff_Water_(5_,TEMP_COLD
Truly_Hard_Seltzer_T,TEMP_HEATED
Lunchables_Turkey_an,TEMP_HEATED
The_Snacker!,TEMP_HEATED
Chex_Mix_Traditional,TEMP_HEATED
OLD_TRAPPER_BEEF_JER_91959,TEMP_HEATED
Reign_Tbf_Melon_Mani,TEMP_HEATED
Firestone_805_Blonde,TEMP_HEATED
Milk_2%_(1_gal.),TEMP_HEATED
Bottle_Fee_$0.20,TEMP_HEATED
Bang_Blue_Razz_16_oz,TEMP_HEATED
Pepsi_(20_oz),TEMP_COLD
Del_Real_Shredded_Ch,TEMP_COLD
Diet_Pepsi,TEMP_COLD
Ruffles_Cheddar_and_,TEMP_HEATED
Pacifico_Clara_Btl_G,TEMP_HEATED
Corona_Familiar_Btl_,TEMP_HEATED
Barcel_Takis_Fuego_(,TEMP_UNHEATED
CRYSTAL_MILK_2%_PLST,TEMP_HEATED
JACK_LINKS_ORIG_BFST,TEMP_HEATED
Gatorade_(28_oz),TEMP_COLD
Pepsi_12_Pack_Cans,TEMP_HEATED
Bottle_Fee_$0.60,TEMP_HEATED
Nature_Valley_Crunch,TEMP_UNHEATED
Coke_Classic_(2_lt),TEMP_COLD
Del_Real_Refried_Bea,TEMP_COLD
Ampm_Beef_Jumbo_Hot_,TEMP_HEATED
Sprite,TEMP_COLD
Bang_Peach_Mango_16_,TEMP_HEATED
Ampm_Jelly_Roll_(3.5,TEMP_HEATED
Sprite_(2_lt),TEMP_COLD
Ampm_Coffee_(24_oz),TEMP_HEATED
Mocha_Flavor,TEMP_COLD
JACK_LINKS_AMERICAN_,TEMP_HEATED
Sweetarts_Ropes_Cher,TEMP_HEATED
Cheetos_Flamin'_Hot_,TEMP_UNHEATED
Grape,TEMP_UNHEATED
Ampm_Choc_Chunk_3_Co,TEMP_HEATED
Coca_Cola_12_Pack_Ca,TEMP_HEATED
The_Heavenly_Morning,TEMP_HEATED
Diet_Coke_(20_oz),TEMP_HEATED
NESQUIK_SINGLES_STRA,TEMP_HEATED
Whole_Milk_(1_gal.),TEMP_HEATED
Ampm_Fountain_Cup_La_11037,TEMP_HEATED
Slim_Jim_Giant_Slim_,TEMP_HEATED
Twix_Caramel_King_Si,TEMP_UNHEATED
Nacho_Cheese_XXVL_(3,TEMP_UNHEATED
Ampm_Strawberry_Chee,TEMP_HEATED
Ampm_Frozen_Coffee_(,TEMP_HEATED
Rockstar_Punched_Ber,TEMP_HEATED
Dr._Pepper,TEMP_HEATED
Chester's_Fries_Flam_54290,TEMP_HEATED
Diet_Pepsi_(20_oz),TEMP_HEATED
It_is_Friday!,TEMP_HEATED
Budweiser_Can_Al_12P,TEMP_HEATED
Fanta_Blue_Raspberry,TEMP_COLD
